feature,fold,importance
age,0,0.0029630367290462757
age,1,0.01214212496280585
age,2,-0.00076985622186716
age,3,-0.003381389662888301
age,4,-0.006829344282502703
age,5,0.004522558990165071
age,6,0.0016965948252203656
age,7,-0.0006300284036327208
age,8,-0.006673444416933905
age,9,0.00036868274067680673
age,10,0.0008676019485332476
age,11,0.010091462818634822
age,12,-0.0025512621763508214
age,13,0.003412977795673122
age,14,-0.0014500910602272988
age,15,0.008056045670641665
age,16,-0.013566153412628523
age,17,-0.00019595529810191304
age,18,-0.004961631376500786
age,19,0.005388014142290837
age,20,0.01380808845868875
age,21,0.0010219212935736355
age,22,0.014780210368470669
age,23,0.0009812107758769729
age,24,-0.0005290507717711556
genre,0,-0.004472448648443472
genre,1,0.015779549393859088
genre,2,0.01131357797035546
genre,3,0.007818828629171127
genre,4,-0.0024224232736924645
genre,5,0.03149926618553376
genre,6,0.0027634411892736967
genre,7,-0.002608407701546822
genre,8,0.005726586530710587
genre,9,-0.00038537826119361407
genre,10,0.018221640407605842
genre,11,0.013771191214941202
genre,12,-0.006706978433381005
genre,13,0.010936726719747835
genre,14,0.00486962063833285
genre,15,-0.004992968181134016
genre,16,0.005429656810269201
genre,17,-0.00514899842418175
genre,18,0.007698285329160326
genre,19,0.0068062895761388745
genre,20,0.026636413486173405
genre,21,0.010996695105479548
genre,22,0.00992063991698181
genre,23,0.01402721421159292
genre,24,-0.010059920646827869
revenu_mensuel,0,0.041152699671825894
revenu_mensuel,1,0.013687672654477252
revenu_mensuel,2,0.0735715093452284
revenu_mensuel,3,0.06262907704191498
revenu_mensuel,4,0.07165710602867605
revenu_mensuel,5,0.023215379572521143
revenu_mensuel,6,0.08354024023123553
revenu_mensuel,7,0.03999263814880819
revenu_mensuel,8,0.10315517408271138
revenu_mensuel,9,0.07126941875349738
revenu_mensuel,10,0.05130485511762578
revenu_mensuel,11,0.0247387001819792
revenu_mensuel,12,0.06656891816801144
revenu_mensuel,13,0.03752373641763117
revenu_mensuel,14,0.10488626991052619
revenu_mensuel,15,0.022319117113437835
revenu_mensuel,16,0.1288616245239039
revenu_mensuel,17,0.06696902943955842
revenu_mensuel,18,0.05042463646290294
revenu_mensuel,19,0.018652882052126268
revenu_mensuel,20,0.03607446044385245
revenu_mensuel,21,0.06071113763657262
revenu_mensuel,22,0.011196189666951328
revenu_mensuel,23,0.08972922937198714
revenu_mensuel,24,0.06742070217797103
statut_marital,0,0.028512797824089407
statut_marital,1,0.004840052176361948
statut_marital,2,0.014130185457917232
statut_marital,3,0.038713743048017876
statut_marital,4,0.025772269048958175
statut_marital,5,0.02931734081292221
statut_marital,6,0.026922928533584457
statut_marital,7,-0.014337627481126403
statut_marital,8,0.030585717391052904
statut_marital,9,0.026010993900399383
statut_marital,10,0.019678126413686457
statut_marital,11,-0.002742516528799599
statut_marital,12,0.025916127868885176
statut_marital,13,0.00683874890136531
statut_marital,14,0.04332756735559653
statut_marital,15,0.03538892571722635
statut_marital,16,0.034684118700529856
statut_marital,17,0.0049062608441757805
statut_marital,18,0.005900974126074432
statut_marital,19,0.013947378109369657
statut_marital,20,0.014837731153207901
statut_marital,21,0.025921496622594287
statut_marital,22,-0.006897912850707966
statut_marital,23,0.03131578758571426
statut_marital,24,0.03599396463963109
departement,0,0.010703391287007836
departement,1,0.025938176990786883
departement,2,-0.002000268251976933
departement,3,0.02056544642422776
departement,4,-0.00343439350122795
departement,5,0.01580392335099645
departement,6,0.011286981683807817
departement,7,-0.002698105003993201
departement,8,0.007845143969072921
departement,9,0.034383363308728605
departement,10,0.013648394185561375
departement,11,-0.006068847745955596
departement,12,0.004330066953380918
departement,13,0.058133897801962466
departement,14,0.012188935648617737
departement,15,0.011017376917930222
departement,16,0.005787476584092477
departement,17,0.010692542634763835
departement,18,0.016602454850553394
departement,19,0.00461986177552226
departement,20,0.0040933186947043065
departement,21,0.0388442638268641
departement,22,0.008700770863767682
departement,23,0.016286961291201562
departement,24,0.014271187953502273
poste,0,0.019787705721376968
poste,1,0.029124214418813448
poste,2,0.02849466614262659
poste,3,0.03493180168949582
poste,4,0.005345557340922791
poste,5,-0.0051610619221558185
poste,6,0.03573877735647073
poste,7,0.015208775062710556
poste,8,0.04088578675513153
poste,9,0.032725387572479406
poste,10,0.014529182968613363
poste,11,0.016429195679892226
poste,12,0.017625222607856973
poste,13,0.0349911159824514
poste,14,0.04328406996433988
poste,15,0.02751014450714817
poste,16,0.03163981985599022
poste,17,0.02668709330830914
poste,18,0.02100267560711212
poste,19,0.014862250547040073
poste,20,0.000765628231707971
poste,21,0.03322776269055122
poste,22,0.00417949748039208
poste,23,0.03164826570038039
poste,24,0.021945907305927416
nombre_experiences_precedentes,0,0.03131080266373589
nombre_experiences_precedentes,1,0.0010254873422605893
nombre_experiences_precedentes,2,0.012633277949240917
nombre_experiences_precedentes,3,-0.017009592284538255
nombre_experiences_precedentes,4,0.024019046128011756
nombre_experiences_precedentes,5,0.011831332540084172
nombre_experiences_precedentes,6,0.0070181564750280475
nombre_experiences_precedentes,7,0.0038020600759180677
nombre_experiences_precedentes,8,0.02977348048950602
nombre_experiences_precedentes,9,-0.012781092337185673
nombre_experiences_precedentes,10,-0.0007746774275815271
nombre_experiences_precedentes,11,0.00574376473960263
nombre_experiences_precedentes,12,-0.003277502724114778
nombre_experiences_precedentes,13,0.013043442948742157
nombre_experiences_precedentes,14,0.030255968215753038
nombre_experiences_precedentes,15,0.008561863487359867
nombre_experiences_precedentes,16,0.0012081514308356577
nombre_experiences_precedentes,17,0.024808750588261742
nombre_experiences_precedentes,18,0.010086190639929249
nombre_experiences_precedentes,19,-0.00331667758112415
nombre_experiences_precedentes,20,-0.008599915599184549
nombre_experiences_precedentes,21,0.008147493888482193
nombre_experiences_precedentes,22,0.05227482919654671
nombre_experiences_precedentes,23,0.02418884336483823
nombre_experiences_precedentes,24,-0.0013760213341156736
annee_experience_totale,0,0.16041495629015937
annee_experience_totale,1,0.03526115362827918
annee_experience_totale,2,0.08216532192342005
annee_experience_totale,3,0.08119206175294899
annee_experience_totale,4,0.09024712771762397
annee_experience_totale,5,0.06313396060023749
annee_experience_totale,6,0.11385302743630307
annee_experience_totale,7,0.07376097153822855
annee_experience_totale,8,0.14584651140789515
annee_experience_totale,9,0.05985245266037938
annee_experience_totale,10,0.043816180127695316
annee_experience_totale,11,0.051038940826089806
annee_experience_totale,12,0.15185455512464244
annee_experience_totale,13,0.0992534202058128
annee_experience_totale,14,0.1519080411792153
annee_experience_totale,15,0.058056868809139836
annee_experience_totale,16,0.10296755692141049
annee_experience_totale,17,0.08864561240620436
annee_experience_totale,18,0.069707167803536
annee_experience_totale,19,0.05886243435025855
annee_experience_totale,20,0.07567581321459642
annee_experience_totale,21,0.04692679875877929
annee_experience_totale,22,0.05167002589379888
annee_experience_totale,23,0.09009894393335209
annee_experience_totale,24,0.16620917199721968
annees_dans_l_entreprise,0,0.01953326229809992
annees_dans_l_entreprise,1,0.007653466129337478
annees_dans_l_entreprise,2,-0.019740861538588193
annees_dans_l_entreprise,3,-0.0005011073899649054
annees_dans_l_entreprise,4,0.007045887695333297
annees_dans_l_entreprise,5,0.02059454914148905
annees_dans_l_entreprise,6,0.019205628642339722
annees_dans_l_entreprise,7,0.008766383012609635
annees_dans_l_entreprise,8,7.702264987362595e-05
annees_dans_l_entreprise,9,0.0002437797586614332
annees_dans_l_entreprise,10,0.028891883242006523
annees_dans_l_entreprise,11,-0.0064159656137875555
annees_dans_l_entreprise,12,-0.010035883964380665
annees_dans_l_entreprise,13,-0.004400324336004358
annees_dans_l_entreprise,14,0.008971892306932915
annees_dans_l_entreprise,15,0.004010386689117062
annees_dans_l_entreprise,16,-0.03655180341317045
annees_dans_l_entreprise,17,-0.0036972384306755645
annees_dans_l_entreprise,18,-0.0020555326406031305
annees_dans_l_entreprise,19,0.00813404200037247
annees_dans_l_entreprise,20,0.0005339214133412207
annees_dans_l_entreprise,21,0.027883159420003266
annees_dans_l_entreprise,22,0.021084403628893945
annees_dans_l_entreprise,23,0.00756873620864813
annees_dans_l_entreprise,24,-0.015938058671386434
annees_dans_le_poste_actuel,0,0.04997929257633797
annees_dans_le_poste_actuel,1,0.005492528287885845
annees_dans_le_poste_actuel,2,0.08415668527715889
annees_dans_le_poste_actuel,3,0.03256302020701564
annees_dans_le_poste_actuel,4,0.026615483881540426
annees_dans_le_poste_actuel,5,0.03776487653987189
annees_dans_le_poste_actuel,6,0.052976002580848
annees_dans_le_poste_actuel,7,0.06733373903765064
annees_dans_le_poste_actuel,8,0.02499791516094968
annees_dans_le_poste_actuel,9,0.03946213960439841
annees_dans_le_poste_actuel,10,0.024587313625120864
annees_dans_le_poste_actuel,11,0.0245058930803335
annees_dans_le_poste_actuel,12,0.06893540375496063
annees_dans_le_poste_actuel,13,0.040772824219174254
annees_dans_le_poste_actuel,14,0.042758680405294916
annees_dans_le_poste_actuel,15,0.05814752380681419
annees_dans_le_poste_actuel,16,0.0641533440211994
annees_dans_le_poste_actuel,17,0.02284992181337899
annees_dans_le_poste_actuel,18,0.016416960590090034
annees_dans_le_poste_actuel,19,0.010975858918897047
annees_dans_le_poste_actuel,20,0.03551630293217521
annees_dans_le_poste_actuel,21,0.04716214658783204
annees_dans_le_poste_actuel,22,0.01317723901693546
annees_dans_le_poste_actuel,23,0.059719586976948305
annees_dans_le_poste_actuel,24,0.041340529233448185
satisfaction_employee_environnement,0,0.06413233767005781
satisfaction_employee_environnement,1,0.05278277674828038
satisfaction_employee_environnement,2,0.06285268924054364
satisfaction_employee_environnement,3,0.06376998172591833
satisfaction_employee_environnement,4,0.039450111771187346
satisfaction_employee_environnement,5,0.05737038615373474
satisfaction_employee_environnement,6,0.07795878114933899
satisfaction_employee_environnement,7,0.07166530145625605
satisfaction_employee_environnement,8,0.06310369681355545
satisfaction_employee_environnement,9,0.03609943911584229
satisfaction_employee_environnement,10,0.05758344291617171
satisfaction_employee_environnement,11,0.01614627236175122
satisfaction_employee_environnement,12,0.07459852331399949
satisfaction_employee_environnement,13,0.08592571371288468
satisfaction_employee_environnement,14,0.07217166351352347
satisfaction_employee_environnement,15,0.027206524694703492
satisfaction_employee_environnement,16,0.025722874602195033
satisfaction_employee_environnement,17,0.07777981802089343
satisfaction_employee_environnement,18,0.045580858283128314
satisfaction_employee_environnement,19,0.03667209822515885
satisfaction_employee_environnement,20,0.0520087210219858
satisfaction_employee_environnement,21,0.0916963791623441
satisfaction_employee_environnement,22,0.06827908948194188
satisfaction_employee_environnement,23,0.05709327179282516
satisfaction_employee_environnement,24,0.038216567199687274
note_evaluation_precedente,0,0.015402412546516198
note_evaluation_precedente,1,0.03629797784745823
note_evaluation_precedente,2,-0.0017205608564585084
note_evaluation_precedente,3,0.026492019093615204
note_evaluation_precedente,4,0.02157374778071506
note_evaluation_precedente,5,0.029760578762037627
note_evaluation_precedente,6,0.024019918001885122
note_evaluation_precedente,7,0.01908862573977904
note_evaluation_precedente,8,0.03318050635429992
note_evaluation_precedente,9,0.00838907516187235
note_evaluation_precedente,10,0.022828480011151443
note_evaluation_precedente,11,-0.0012403831706878088
note_evaluation_precedente,12,0.022905938265109414
note_evaluation_precedente,13,0.02008211861776731
note_evaluation_precedente,14,-0.005774466627220598
note_evaluation_precedente,15,0.03182066551119652
note_evaluation_precedente,16,0.013792468142458669
note_evaluation_precedente,17,0.02524994704669863
note_evaluation_precedente,18,0.008785591677153492
note_evaluation_precedente,19,-0.007304310603884101
note_evaluation_precedente,20,0.01992199865324453
note_evaluation_precedente,21,0.006268487883868146
note_evaluation_precedente,22,0.03578850484400838
note_evaluation_precedente,23,0.026956029525998272
note_evaluation_precedente,24,0.02969048267973281
niveau_hierarchique_poste,0,-0.0003812864237911051
niveau_hierarchique_poste,1,0.004110637004682394
niveau_hierarchique_poste,2,-0.0001797307961173833
niveau_hierarchique_poste,3,-0.0035521356282341987
niveau_hierarchique_poste,4,0.009783698686541909
niveau_hierarchique_poste,5,-0.0021863470783334503
niveau_hierarchique_poste,6,-0.00020749157888576563
niveau_hierarchique_poste,7,-0.001737716681816448
niveau_hierarchique_poste,8,-0.007159853937644322
niveau_hierarchique_poste,9,0.0010569133500608618
niveau_hierarchique_poste,10,0.012833661495606085
niveau_hierarchique_poste,11,0.0038370546479759016
niveau_hierarchique_poste,12,-0.0024547206632507313
niveau_hierarchique_poste,13,0.006908742896470099
niveau_hierarchique_poste,14,0.005898463684841005
niveau_hierarchique_poste,15,-0.003811390483906607
niveau_hierarchique_poste,16,-0.011801048448317131
niveau_hierarchique_poste,17,-0.004721634588796275
niveau_hierarchique_poste,18,-0.0003023090191304645
niveau_hierarchique_poste,19,-0.002259889197223647
niveau_hierarchique_poste,20,0.0018930878256877004
niveau_hierarchique_poste,21,0.007287392679394389
niveau_hierarchique_poste,22,0.0029942287530941524
niveau_hierarchique_poste,23,0.0013548670950794483
niveau_hierarchique_poste,24,-0.014459522450155093
satisfaction_employee_nature_travail,0,0.04468369988449169
satisfaction_employee_nature_travail,1,0.0500667482449206
satisfaction_employee_nature_travail,2,0.06718121002396224
satisfaction_employee_nature_travail,3,0.027833894410234407
satisfaction_employee_nature_travail,4,0.027037084857969806
satisfaction_employee_nature_travail,5,0.05144795087952268
satisfaction_employee_nature_travail,6,0.03334462263921151
satisfaction_employee_nature_travail,7,0.037160675476684904
satisfaction_employee_nature_travail,8,0.05923750127750145
satisfaction_employee_nature_travail,9,0.06495864211168353
satisfaction_employee_nature_travail,10,0.0857417581542439
satisfaction_employee_nature_travail,11,0.02732874144934124
satisfaction_employee_nature_travail,12,0.03979478904915825
satisfaction_employee_nature_travail,13,0.04257128576354323
satisfaction_employee_nature_travail,14,0.024743472846951477
satisfaction_employee_nature_travail,15,0.034183411681639034
satisfaction_employee_nature_travail,16,0.03205486554422512
satisfaction_employee_nature_travail,17,0.03491068288488582
satisfaction_employee_nature_travail,18,0.05754700802716335
satisfaction_employee_nature_travail,19,0.03680605673689711
satisfaction_employee_nature_travail,20,0.05194683068759789
satisfaction_employee_nature_travail,21,0.06323051509604523
satisfaction_employee_nature_travail,22,0.036971185726981215
satisfaction_employee_nature_travail,23,0.037453753327775605
satisfaction_employee_nature_travail,24,0.06612285961306767
satisfaction_employee_equipe,0,0.03105618929477938
satisfaction_employee_equipe,1,0.008740209319832826
satisfaction_employee_equipe,2,-0.0028673573827526443
satisfaction_employee_equipe,3,0.03242542024615702
satisfaction_employee_equipe,4,0.011738650963989938
satisfaction_employee_equipe,5,0.031635478510336934
satisfaction_employee_equipe,6,0.011183775334701773
satisfaction_employee_equipe,7,0.0016827752651765392
satisfaction_employee_equipe,8,0.01913741790776071
satisfaction_employee_equipe,9,0.019746426741305327
satisfaction_employee_equipe,10,0.021173596741851698
satisfaction_employee_equipe,11,0.013076892960849984
satisfaction_employee_equipe,12,0.018977366120109907
satisfaction_employee_equipe,13,0.019817348727569007
satisfaction_employee_equipe,14,-0.008863683719466409
satisfaction_employee_equipe,15,0.02743301317874166
satisfaction_employee_equipe,16,0.006095388001396041
satisfaction_employee_equipe,17,0.009424052795002181
satisfaction_employee_equipe,18,0.0036473890014518283
satisfaction_employee_equipe,19,-0.00942257788503888
satisfaction_employee_equipe,20,0.01801058023936114
satisfaction_employee_equipe,21,0.030747109431290054
satisfaction_employee_equipe,22,0.00789409219183842
satisfaction_employee_equipe,23,0.013756545866224656
satisfaction_employee_equipe,24,0.025489078221453167
satisfaction_employee_equilibre_pro_perso,0,0.013740919411367004
satisfaction_employee_equilibre_pro_perso,1,0.010977593435613053
satisfaction_employee_equilibre_pro_perso,2,0.012226551899146754
satisfaction_employee_equilibre_pro_perso,3,0.015329682058780613
satisfaction_employee_equilibre_pro_perso,4,0.010716957487103496
satisfaction_employee_equilibre_pro_perso,5,0.03371403695783857
satisfaction_employee_equilibre_pro_perso,6,0.015756809857693656
satisfaction_employee_equilibre_pro_perso,7,0.005529393038878216
satisfaction_employee_equilibre_pro_perso,8,0.004873249265059843
satisfaction_employee_equilibre_pro_perso,9,-0.02136873427592767
satisfaction_employee_equilibre_pro_perso,10,0.017363318646515948
satisfaction_employee_equilibre_pro_perso,11,-0.005801031677489588
satisfaction_employee_equilibre_pro_perso,12,0.018588245757488707
satisfaction_employee_equilibre_pro_perso,13,0.015524918225578933
satisfaction_employee_equilibre_pro_perso,14,0.005686001319092693
satisfaction_employee_equilibre_pro_perso,15,0.03493843877338454
satisfaction_employee_equilibre_pro_perso,16,0.015072625231828684
satisfaction_employee_equilibre_pro_perso,17,0.006455177653593625
satisfaction_employee_equilibre_pro_perso,18,0.0028748263956795196
satisfaction_employee_equilibre_pro_perso,19,-0.016353723922056147
satisfaction_employee_equilibre_pro_perso,20,0.00502261085685306
satisfaction_employee_equilibre_pro_perso,21,0.03147023790424357
satisfaction_employee_equilibre_pro_perso,22,0.013779049780598584
satisfaction_employee_equilibre_pro_perso,23,0.018322428437958692
satisfaction_employee_equilibre_pro_perso,24,0.00442078080101207
eval_number,0,0.0
eval_number,1,0.0
eval_number,2,0.0
eval_number,3,0.0
eval_number,4,0.0
eval_number,5,0.0
eval_number,6,0.0
eval_number,7,0.0
eval_number,8,0.0
eval_number,9,0.0
eval_number,10,0.0
eval_number,11,0.0
eval_number,12,0.0
eval_number,13,0.0
eval_number,14,0.0
eval_number,15,0.0
eval_number,16,0.0
eval_number,17,0.0
eval_number,18,0.0
eval_number,19,0.0
eval_number,20,0.0
eval_number,21,0.0
eval_number,22,0.0
eval_number,23,0.0
eval_number,24,0.0
note_evaluation_actuelle,0,0.0024001050528815295
note_evaluation_actuelle,1,-0.008437422822057606
note_evaluation_actuelle,2,0.015812430218359153
note_evaluation_actuelle,3,-0.006782083310593301
note_evaluation_actuelle,4,-0.001586872664880923
note_evaluation_actuelle,5,-0.003919858143275068
note_evaluation_actuelle,6,-0.0025912566431718796
note_evaluation_actuelle,7,0.007128925957731169
note_evaluation_actuelle,8,0.010213232444850307
note_evaluation_actuelle,9,0.00011518603076798861
note_evaluation_actuelle,10,0.006090793027640562
note_evaluation_actuelle,11,-0.008303437476769805
note_evaluation_actuelle,12,0.0010735950171308461
note_evaluation_actuelle,13,0.006131116699647721
note_evaluation_actuelle,14,0.008147991504434137
note_evaluation_actuelle,15,0.0068717275193893815
note_evaluation_actuelle,16,-0.0036182209500496667
note_evaluation_actuelle,17,0.0007760563379596297
note_evaluation_actuelle,18,-0.004810870905306641
note_evaluation_actuelle,19,-0.019614899171060185
note_evaluation_actuelle,20,-0.0008659551411786537
note_evaluation_actuelle,21,-0.001195036068698241
note_evaluation_actuelle,22,0.011651098377937753
note_evaluation_actuelle,23,0.005912610625039605
note_evaluation_actuelle,24,0.00018076521023250303
heure_supplementaires,0,0.16145851544001472
heure_supplementaires,1,0.16113826879941412
heure_supplementaires,2,0.22005750523201578
heure_supplementaires,3,0.19234280663326273
heure_supplementaires,4,0.195671217118341
heure_supplementaires,5,0.16965091689939119
heure_supplementaires,6,0.21422090572002528
heure_supplementaires,7,0.24159083737482692
heure_supplementaires,8,0.1619644111840893
heure_supplementaires,9,0.1957011721746381
heure_supplementaires,10,0.21433206245778771
heure_supplementaires,11,0.17818837176100177
heure_supplementaires,12,0.1982471562510743
heure_supplementaires,13,0.16721119126820289
heure_supplementaires,14,0.21491053127767268
heure_supplementaires,15,0.21380225737807274
heure_supplementaires,16,0.18260676937216624
heure_supplementaires,17,0.18408023318824435
heure_supplementaires,18,0.1902237157985741
heure_supplementaires,19,0.1647339370007493
heure_supplementaires,20,0.17486230295745883
heure_supplementaires,21,0.25865503166078574
heure_supplementaires,22,0.19315465229559595
heure_supplementaires,23,0.20778433192212561
heure_supplementaires,24,0.15653890950697721
augementation_salaire_precedente,0,0.0
augementation_salaire_precedente,1,0.0
augementation_salaire_precedente,2,0.0
augementation_salaire_precedente,3,0.0
augementation_salaire_precedente,4,0.0
augementation_salaire_precedente,5,0.0
augementation_salaire_precedente,6,0.0
augementation_salaire_precedente,7,0.0
augementation_salaire_precedente,8,0.0
augementation_salaire_precedente,9,0.0
augementation_salaire_precedente,10,0.0
augementation_salaire_precedente,11,0.0
augementation_salaire_precedente,12,0.0
augementation_salaire_precedente,13,0.0
augementation_salaire_precedente,14,0.0
augementation_salaire_precedente,15,0.0
augementation_salaire_precedente,16,0.0
augementation_salaire_precedente,17,0.0
augementation_salaire_precedente,18,0.0
augementation_salaire_precedente,19,0.0
augementation_salaire_precedente,20,0.0
augementation_salaire_precedente,21,0.0
augementation_salaire_precedente,22,0.0
augementation_salaire_precedente,23,0.0
augementation_salaire_precedente,24,0.0
eval_number_int,0,0.0
eval_number_int,1,0.0
eval_number_int,2,0.0
eval_number_int,3,0.0
eval_number_int,4,0.0
eval_number_int,5,0.0
eval_number_int,6,0.0
eval_number_int,7,0.0
eval_number_int,8,0.0
eval_number_int,9,0.0
eval_number_int,10,0.0
eval_number_int,11,0.0
eval_number_int,12,0.0
eval_number_int,13,0.0
eval_number_int,14,0.0
eval_number_int,15,0.0
eval_number_int,16,0.0
eval_number_int,17,0.0
eval_number_int,18,0.0
eval_number_int,19,0.0
eval_number_int,20,0.0
eval_number_int,21,0.0
eval_number_int,22,0.0
eval_number_int,23,0.0
eval_number_int,24,0.0
nombre_participation_pee,0,0.019211527688465523
nombre_participation_pee,1,0.008982399244995803
nombre_participation_pee,2,0.026600441422481726
nombre_participation_pee,3,0.0342407752294042
nombre_participation_pee,4,0.02309413178172289
nombre_participation_pee,5,0.0313028139278391
nombre_participation_pee,6,0.036543116839006184
nombre_participation_pee,7,0.000814107508285955
nombre_participation_pee,8,0.01131604855896141
nombre_participation_pee,9,0.02658386472153377
nombre_participation_pee,10,0.026075850209284913
nombre_participation_pee,11,-0.019559244238878858
nombre_participation_pee,12,0.019434272090988712
nombre_participation_pee,13,0.01628592022417612
nombre_participation_pee,14,0.03814988439150825
nombre_participation_pee,15,0.021429386780840054
nombre_participation_pee,16,0.0229630189204413
nombre_participation_pee,17,-0.009425551681832123
nombre_participation_pee,18,0.014569099083066394
nombre_participation_pee,19,0.025785221483919894
nombre_participation_pee,20,0.005522066166042239
nombre_participation_pee,21,0.027250599214726712
nombre_participation_pee,22,0.016811362958520502
nombre_participation_pee,23,0.027468685998401965
nombre_participation_pee,24,0.039350188133975394
nb_formations_suivies,0,0.007012813164065002
nb_formations_suivies,1,0.004557103900785986
nb_formations_suivies,2,0.005877771064056325
nb_formations_suivies,3,0.004826290418629198
nb_formations_suivies,4,0.02276490103092419
nb_formations_suivies,5,0.028743674950083786
nb_formations_suivies,6,0.023118061381617715
nb_formations_suivies,7,0.010258748895208992
nb_formations_suivies,8,-0.004769789228360033
nb_formations_suivies,9,0.009416146849943963
nb_formations_suivies,10,0.006876581294354889
nb_formations_suivies,11,0.02814437550050581
nb_formations_suivies,12,-0.0049399875074725205
nb_formations_suivies,13,0.001049235712494001
nb_formations_suivies,14,0.010237062769810035
nb_formations_suivies,15,0.00511094106304214
nb_formations_suivies,16,0.004201825438068662
nb_formations_suivies,17,-0.00010745177055547784
nb_formations_suivies,18,0.0005148871007634503
nb_formations_suivies,19,0.009813470074668151
nb_formations_suivies,20,0.007223469067709198
nb_formations_suivies,21,0.028861405549938567
nb_formations_suivies,22,0.005725142827777252
nb_formations_suivies,23,0.016476318015503
nb_formations_suivies,24,-0.015314088524431113
nombre_employee_sous_responsabilite,0,0.0
nombre_employee_sous_responsabilite,1,0.0
nombre_employee_sous_responsabilite,2,0.0
nombre_employee_sous_responsabilite,3,0.0
nombre_employee_sous_responsabilite,4,0.0
nombre_employee_sous_responsabilite,5,0.0
nombre_employee_sous_responsabilite,6,0.0
nombre_employee_sous_responsabilite,7,0.0
nombre_employee_sous_responsabilite,8,0.0
nombre_employee_sous_responsabilite,9,0.0
nombre_employee_sous_responsabilite,10,0.0
nombre_employee_sous_responsabilite,11,0.0
nombre_employee_sous_responsabilite,12,0.0
nombre_employee_sous_responsabilite,13,0.0
nombre_employee_sous_responsabilite,14,0.0
nombre_employee_sous_responsabilite,15,0.0
nombre_employee_sous_responsabilite,16,0.0
nombre_employee_sous_responsabilite,17,0.0
nombre_employee_sous_responsabilite,18,0.0
nombre_employee_sous_responsabilite,19,0.0
nombre_employee_sous_responsabilite,20,0.0
nombre_employee_sous_responsabilite,21,0.0
nombre_employee_sous_responsabilite,22,0.0
nombre_employee_sous_responsabilite,23,0.0
nombre_employee_sous_responsabilite,24,0.0
code_sondage,0,0.0
code_sondage,1,0.0
code_sondage,2,0.0
code_sondage,3,0.0
code_sondage,4,0.0
code_sondage,5,0.0
code_sondage,6,0.0
code_sondage,7,0.0
code_sondage,8,0.0
code_sondage,9,0.0
code_sondage,10,0.0
code_sondage,11,0.0
code_sondage,12,0.0
code_sondage,13,0.0
code_sondage,14,0.0
code_sondage,15,0.0
code_sondage,16,0.0
code_sondage,17,0.0
code_sondage,18,0.0
code_sondage,19,0.0
code_sondage,20,0.0
code_sondage,21,0.0
code_sondage,22,0.0
code_sondage,23,0.0
code_sondage,24,0.0
distance_domicile_travail,0,0.018199380190846083
distance_domicile_travail,1,0.02109533250827683
distance_domicile_travail,2,0.04839968648968899
distance_domicile_travail,3,0.01581686225584671
distance_domicile_travail,4,0.05084664761519124
distance_domicile_travail,5,0.011656982532449423
distance_domicile_travail,6,0.04522977782355332
distance_domicile_travail,7,0.03293333404559097
distance_domicile_travail,8,0.007502942788944811
distance_domicile_travail,9,0.035245371706916745
distance_domicile_travail,10,0.011928435390917924
distance_domicile_travail,11,0.007556472318889973
distance_domicile_travail,12,0.02174817601257133
distance_domicile_travail,13,0.023784569822110902
distance_domicile_travail,14,0.055875768560696704
distance_domicile_travail,15,0.0324332597152059
distance_domicile_travail,16,0.009535203712057927
distance_domicile_travail,17,0.024603314837737977
distance_domicile_travail,18,0.01416936645768605
distance_domicile_travail,19,-0.010132673456138459
distance_domicile_travail,20,0.01080718859113442
distance_domicile_travail,21,0.038044237352669555
distance_domicile_travail,22,0.027075614283085015
distance_domicile_travail,23,0.019039745010176513
distance_domicile_travail,24,0.0038793940886343694
niveau_education,0,0.002098758307227533
niveau_education,1,0.010619840313669776
niveau_education,2,-0.007197723851195381
niveau_education,3,0.0007609225745344728
niveau_education,4,-0.002231249975850258
niveau_education,5,0.006812577322934199
niveau_education,6,0.002277120485510764
niveau_education,7,-0.0008664590706359387
niveau_education,8,-0.0006967638151607503
niveau_education,9,0.0016159337813763219
niveau_education,10,0.003375861902220778
niveau_education,11,0.008111392601328381
niveau_education,12,0.0023945084252490314
niveau_education,13,-0.00014376416295353023
niveau_education,14,0.0031656258781976422
niveau_education,15,-3.274658346389403e-05
niveau_education,16,2.9373176993585657e-06
niveau_education,17,-0.004614809621206162
niveau_education,18,-0.007307367338800652
niveau_education,19,0.0020360231795590266
niveau_education,20,0.007331587393546568
niveau_education,21,-0.0006252996265984967
niveau_education,22,0.005575138113061195
niveau_education,23,0.0008015518178124958
niveau_education,24,-0.004055883339490263
domaine_etude,0,0.03485017076302867
domaine_etude,1,0.009469886211784694
domaine_etude,2,-0.007399539283998657
domaine_etude,3,-0.007211092669428309
domaine_etude,4,0.023419212215355145
domaine_etude,5,0.01287014417576623
domaine_etude,6,0.027597422202770373
domaine_etude,7,0.005761452448338778
domaine_etude,8,0.0007082483763142355
domaine_etude,9,0.019710032764610502
domaine_etude,10,0.015273738845353024
domaine_etude,11,-0.013512852918543128
domaine_etude,12,0.0008472104866894536
domaine_etude,13,0.042222044180460314
domaine_etude,14,0.017506270512337118
domaine_etude,15,-0.011813722108330926
domaine_etude,16,-0.007349590394531857
domaine_etude,17,0.009216421753001691
domaine_etude,18,0.02174162999148761
domaine_etude,19,0.005052168439730493
domaine_etude,20,-0.0013998827593295626
domaine_etude,21,0.04650093447422195
domaine_etude,22,0.01434042603658442
domaine_etude,23,0.0009113277596953018
domaine_etude,24,0.02381712834684314
frequence_deplacement,0,-0.000485050080778493
frequence_deplacement,1,-0.0003349191138773411
frequence_deplacement,2,-0.00733226097300137
frequence_deplacement,3,0.003061821211954341
frequence_deplacement,4,-0.002580320524119384
frequence_deplacement,5,-0.004071699411905494
frequence_deplacement,6,-8.475525682859475e-05
frequence_deplacement,7,3.309297432518843e-06
frequence_deplacement,8,0.004954763854789268
frequence_deplacement,9,0.0002162513865542226
frequence_deplacement,10,-3.690441052591753e-05
frequence_deplacement,11,-0.006031425103937782
frequence_deplacement,12,0.0005119347667489116
frequence_deplacement,13,-0.012296538417924973
frequence_deplacement,14,-0.000519819620811579
frequence_deplacement,15,-0.0017560613728081931
frequence_deplacement,16,-0.00582041889501903
frequence_deplacement,17,-0.0012170916573274293
frequence_deplacement,18,-0.003349723014427608
frequence_deplacement,19,0.0018312915936080586
frequence_deplacement,20,-0.002941603889864852
frequence_deplacement,21,0.00815463830810872
frequence_deplacement,22,-0.004716587067778488
frequence_deplacement,23,-0.0017447754267456816
frequence_deplacement,24,-0.00477901532596905
annees_depuis_la_derniere_promotion,0,0.032984305875191855
annees_depuis_la_derniere_promotion,1,0.03909448838244876
annees_depuis_la_derniere_promotion,2,0.012582925644138543
annees_depuis_la_derniere_promotion,3,0.011956344216115878
annees_depuis_la_derniere_promotion,4,0.0422066542436995
annees_depuis_la_derniere_promotion,5,0.04902957405928083
annees_depuis_la_derniere_promotion,6,0.04979812420948508
annees_depuis_la_derniere_promotion,7,0.02603356773223775
annees_depuis_la_derniere_promotion,8,0.016406469143934156
annees_depuis_la_derniere_promotion,9,0.02116194771167313
annees_depuis_la_derniere_promotion,10,0.05537598633630464
annees_depuis_la_derniere_promotion,11,0.014514500840697164
annees_depuis_la_derniere_promotion,12,0.024177290478433765
annees_depuis_la_derniere_promotion,13,0.04324880807150892
annees_depuis_la_derniere_promotion,14,0.022734853176342617
annees_depuis_la_derniere_promotion,15,0.026694969724243366
annees_depuis_la_derniere_promotion,16,0.009756479404116758
annees_depuis_la_derniere_promotion,17,0.04282520363872698
annees_depuis_la_derniere_promotion,18,0.029753417286440886
annees_depuis_la_derniere_promotion,19,0.013059075772082457
annees_depuis_la_derniere_promotion,20,0.04760371236483073
annees_depuis_la_derniere_promotion,21,0.0603611086036826
annees_depuis_la_derniere_promotion,22,0.0569635352196687
annees_depuis_la_derniere_promotion,23,0.022118808113094336
annees_depuis_la_derniere_promotion,24,0.010962164731586333
annes_sous_responsable_actuel,0,0.05744311109879089
annes_sous_responsable_actuel,1,0.014848566910672684
annes_sous_responsable_actuel,2,0.03851025111789843
annes_sous_responsable_actuel,3,0.02309355061698707
annes_sous_responsable_actuel,4,0.04112949033024245
annes_sous_responsable_actuel,5,0.03615569743218178
annes_sous_responsable_actuel,6,0.05261367260171995
annes_sous_responsable_actuel,7,0.06985705556650793
annes_sous_responsable_actuel,8,0.05962841844493777
annes_sous_responsable_actuel,9,0.023984706740149596
annes_sous_responsable_actuel,10,0.0075119900067580295
annes_sous_responsable_actuel,11,0.05279090282741681
annes_sous_responsable_actuel,12,0.047648089292682515
annes_sous_responsable_actuel,13,0.07317602024578612
annes_sous_responsable_actuel,14,0.06064979125425903
annes_sous_responsable_actuel,15,0.03583833271605561
annes_sous_responsable_actuel,16,0.07417577521979304
annes_sous_responsable_actuel,17,0.04203889275703786
annes_sous_responsable_actuel,18,0.030768473343583024
annes_sous_responsable_actuel,19,-0.006420037811125096
annes_sous_responsable_actuel,20,0.026073848756026217
annes_sous_responsable_actuel,21,0.040309031278877624
annes_sous_responsable_actuel,22,0.04968800215488669
annes_sous_responsable_actuel,23,0.038973816580615696
annes_sous_responsable_actuel,24,0.03362149972847086
employee_id_anon,0,0.0
employee_id_anon,1,0.0
employee_id_anon,2,0.0
employee_id_anon,3,0.0
employee_id_anon,4,0.0
employee_id_anon,5,0.0
employee_id_anon,6,0.0
employee_id_anon,7,0.0
employee_id_anon,8,0.0
employee_id_anon,9,0.0
employee_id_anon,10,0.0
employee_id_anon,11,0.0
employee_id_anon,12,0.0
employee_id_anon,13,0.0
employee_id_anon,14,0.0
employee_id_anon,15,0.0
employee_id_anon,16,0.0
employee_id_anon,17,0.0
employee_id_anon,18,0.0
employee_id_anon,19,0.0
employee_id_anon,20,0.0
employee_id_anon,21,0.0
employee_id_anon,22,0.0
employee_id_anon,23,0.0
employee_id_anon,24,0.0
changement_poste,0,0.0007070731976172139
changement_poste,1,-0.015001577026999424
changement_poste,2,-0.011505030824251462
changement_poste,3,0.004269745547175052
changement_poste,4,-0.004128256268441421
changement_poste,5,0.0006786495445968543
changement_poste,6,-0.001493196837446409
changement_poste,7,-0.005332115092564926
changement_poste,8,0.0025461891081286826
changement_poste,9,0.005478111314901035
changement_poste,10,0.003940491628057219
changement_poste,11,-0.0016548094122103229
changement_poste,12,-0.0017740717977084985
changement_poste,13,-0.0024159854559670513
changement_poste,14,-0.0021284794470250445
changement_poste,15,-0.005220350398812334
changement_poste,16,-0.003990574144428505
changement_poste,17,-0.003013767918867949
changement_poste,18,0.0002796518247570656
changement_poste,19,3.3809241458637726e-05
changement_poste,20,0.000867755173797713
changement_poste,21,0.0030577481355378855
changement_poste,22,0.0006973183446503217
changement_poste,23,-0.0005122041485349116
changement_poste,24,-0.0012403122537430588
proba_chgt_experience_par_an,0,0.04014813193935511
proba_chgt_experience_par_an,1,-0.009704214075590556
proba_chgt_experience_par_an,2,0.0835280423873411
proba_chgt_experience_par_an,3,0.008292679632094546
proba_chgt_experience_par_an,4,0.013288362777833762
proba_chgt_experience_par_an,5,0.032509372204114706
proba_chgt_experience_par_an,6,0.06918847057625252
proba_chgt_experience_par_an,7,0.02119983539717054
proba_chgt_experience_par_an,8,0.03748449574576138
proba_chgt_experience_par_an,9,-0.002862714237346897
proba_chgt_experience_par_an,10,-0.029269308175214236
proba_chgt_experience_par_an,11,0.05924751052099588
proba_chgt_experience_par_an,12,0.04110340545639453
proba_chgt_experience_par_an,13,0.028989998318637557
proba_chgt_experience_par_an,14,0.03940500030673797
proba_chgt_experience_par_an,15,0.007305664929504063
proba_chgt_experience_par_an,16,0.020129596107270286
proba_chgt_experience_par_an,17,0.01401158342248603
proba_chgt_experience_par_an,18,0.026630307848352342
proba_chgt_experience_par_an,19,0.004749196146078027
proba_chgt_experience_par_an,20,0.00401327478592034
proba_chgt_experience_par_an,21,0.04843137103847352
proba_chgt_experience_par_an,22,0.05562685482551877
proba_chgt_experience_par_an,23,0.008756150533259243
proba_chgt_experience_par_an,24,0.01756665479443672
proba_chgt_experience_par_an_adulte,0,0.00853178457836743
proba_chgt_experience_par_an_adulte,1,-0.044860544145679845
proba_chgt_experience_par_an_adulte,2,0.0026998079414710884
proba_chgt_experience_par_an_adulte,3,-0.002374516505203583
proba_chgt_experience_par_an_adulte,4,0.009428997598848687
proba_chgt_experience_par_an_adulte,5,0.0007249846923580994
proba_chgt_experience_par_an_adulte,6,-0.0017152403291459174
proba_chgt_experience_par_an_adulte,7,0.022267165548738078
proba_chgt_experience_par_an_adulte,8,0.009088300426424644
proba_chgt_experience_par_an_adulte,9,-0.01676579477030531
proba_chgt_experience_par_an_adulte,10,-0.00923521912351315
proba_chgt_experience_par_an_adulte,11,0.00027569744629918347
proba_chgt_experience_par_an_adulte,12,-0.0011400719003139992
proba_chgt_experience_par_an_adulte,13,0.01679873148127442
proba_chgt_experience_par_an_adulte,14,0.007226564714618289
proba_chgt_experience_par_an_adulte,15,-0.011694497476534726
proba_chgt_experience_par_an_adulte,16,0.01638564880298392
proba_chgt_experience_par_an_adulte,17,-1.590503837213264e-05
proba_chgt_experience_par_an_adulte,18,-0.0025793912949812923
proba_chgt_experience_par_an_adulte,19,-0.007936255077747612
proba_chgt_experience_par_an_adulte,20,-0.04234674346494095
proba_chgt_experience_par_an_adulte,21,0.00973932180651248
proba_chgt_experience_par_an_adulte,22,0.006793556008510204
proba_chgt_experience_par_an_adulte,23,0.000619587062019189
proba_chgt_experience_par_an_adulte,24,-0.0010328235039240741
ratio_experience_vie_adulte,0,0.009195241475946858
ratio_experience_vie_adulte,1,-0.01378518325201451
ratio_experience_vie_adulte,2,0.004366578623167095
ratio_experience_vie_adulte,3,0.004468451755199165
ratio_experience_vie_adulte,4,0.006529464891758985
ratio_experience_vie_adulte,5,0.025566936314646273
ratio_experience_vie_adulte,6,0.007377916322248756
ratio_experience_vie_adulte,7,-0.007637535246343241
ratio_experience_vie_adulte,8,0.008594452510734752
ratio_experience_vie_adulte,9,0.0017783321982256738
ratio_experience_vie_adulte,10,0.02295831599158017
ratio_experience_vie_adulte,11,-0.0417287063187354
ratio_experience_vie_adulte,12,-0.00646472793240036
ratio_experience_vie_adulte,13,0.00011290786214309678
ratio_experience_vie_adulte,14,0.013784257167155178
ratio_experience_vie_adulte,15,-0.003281769832202297
ratio_experience_vie_adulte,16,-0.0003921064941456831
ratio_experience_vie_adulte,17,0.01355366078208119
ratio_experience_vie_adulte,18,-0.005060008619238776
ratio_experience_vie_adulte,19,-0.009229652092530276
ratio_experience_vie_adulte,20,-0.0324775925457356
ratio_experience_vie_adulte,21,0.026890882775103153
ratio_experience_vie_adulte,22,0.046466075682119065
ratio_experience_vie_adulte,23,0.016988465687097488
ratio_experience_vie_adulte,24,-0.0092099119305033
evolution_note,0,-0.0009614722342387583
evolution_note,1,0.01891998565558247
evolution_note,2,-0.019437604489060244
evolution_note,3,0.016068694864773282
evolution_note,4,0.01279858535333539
evolution_note,5,0.017384912099758044
evolution_note,6,0.01590807616463503
evolution_note,7,0.004512116760114182
evolution_note,8,0.010811025316113132
evolution_note,9,0.003966109184054711
evolution_note,10,0.011602971519009842
evolution_note,11,0.0018435848667277765
evolution_note,12,0.012544490949512299
evolution_note,13,0.0066843024702800125
evolution_note,14,-0.005296066251027054
evolution_note,15,0.006741126116144369
evolution_note,16,0.007929286210033148
evolution_note,17,0.008741588750816454
evolution_note,18,0.002774498108078849
evolution_note,19,0.0060130817775009004
evolution_note,20,0.016761727063817046
evolution_note,21,0.003961542461680278
evolution_note,22,0.015088538122501138
evolution_note,23,0.0128386105944699
evolution_note,24,0.014677948868560364
