recall,precision_mean,precision_sem,n_repeats,model
0.0,1.0,0.0,5,logreg
0.01,1.0,0.0,5,logreg
0.02,1.0,0.0,5,logreg
0.03,1.0,0.0,5,logreg
0.04,0.9808727272727273,0.019127272727272725,5,logreg
0.05,0.9688461538461539,0.019077756650522814,5,logreg
0.06,0.9490235294117646,0.0233198705497425,5,logreg
0.07,0.944330581355349,0.017039218184669542,5,logreg
0.08,0.9317654135338346,0.011101897871802243,5,logreg
0.09,0.9231047035573123,0.014790449475262587,5,logreg
0.1,0.9158042735042736,0.013379352454498233,5,logreg
0.11,0.8980272783251231,0.01638124853446525,5,logreg
0.12,0.8996789115059511,0.013587664415829242,5,logreg
0.13,0.8958405653170359,0.010217453909041174,5,logreg
0.14,0.88404808695335,0.015841331758481268,5,logreg
0.15,0.8908655926871589,0.0150232877549233,5,logreg
0.16,0.8844605454921961,0.014588640268661633,5,logreg
0.17,0.8787090534562717,0.012719499912041056,5,logreg
0.18,0.8777130641562823,0.014966614327266342,5,logreg
0.19,0.8701568895361286,0.017239093334960015,5,logreg
0.2,0.87577679758695,0.01658720830399152,5,logreg
0.21,0.8748476986650789,0.016506923279321392,5,logreg
0.22,0.8588298133694616,0.009437721669039396,5,logreg
0.23,0.858707254008771,0.009566141453428023,5,logreg
0.24,0.8464403292251766,0.014742614013372006,5,logreg
0.25,0.8255670707894479,0.013960701121808776,5,logreg
0.26,0.8187827857324328,0.018812892517441646,5,logreg
0.27,0.8200619295548865,0.018459645261336997,5,logreg
0.28,0.8095216242630647,0.019268355390499994,5,logreg
0.29,0.8148246565596038,0.018849694262768533,5,logreg
0.3,0.7917339319356037,0.012880619817375668,5,logreg
0.31,0.788298493554074,0.010774618734474092,5,logreg
0.32,0.7836797186246869,0.010252159747852322,5,logreg
0.33,0.7662513806368006,0.014160627779122834,5,logreg
0.34,0.7509728249907273,0.01025953721945178,5,logreg
0.35000000000000003,0.7534990739244432,0.009104682779380731,5,logreg
0.36,0.7505273168321688,0.007066336368559996,5,logreg
0.37,0.7506291489991511,0.009014850016199538,5,logreg
0.38,0.7332310843603552,0.006102586740650259,5,logreg
0.39,0.7224391006582384,0.00952296688858156,5,logreg
0.4,0.71514663206619,0.006217698362262485,5,logreg
0.41000000000000003,0.7045107108227884,0.006375386119563906,5,logreg
0.42,0.6978964831078738,0.009858840093869387,5,logreg
0.43,0.6856225397212345,0.007555573379329711,5,logreg
0.44,0.6573187977588182,0.0049206148613977225,5,logreg
0.45,0.6479096115660683,0.005367982139118345,5,logreg
0.46,0.633823101568882,0.0030751808862841904,5,logreg
0.47000000000000003,0.6296041404493912,0.006207291604483149,5,logreg
0.48,0.6158383357571975,0.004347532629008973,5,logreg
0.49,0.5996103964750066,0.005020966276177592,5,logreg
0.5,0.5953529365511633,0.005126849859810843,5,logreg
0.51,0.5908324514988574,0.006289249051235356,5,logreg
0.52,0.5840328649647425,0.009453286589079572,5,logreg
0.53,0.5808648872335193,0.007893045813764129,5,logreg
0.54,0.5644654363565931,0.009320665541481721,5,logreg
0.55,0.554339965135594,0.008150879075829278,5,logreg
0.56,0.5504048232090796,0.007686084941093518,5,logreg
0.5700000000000001,0.5361767425224886,0.006317984220732545,5,logreg
0.58,0.5305131299648649,0.006446447543320636,5,logreg
0.59,0.5255779008984297,0.006887723861692926,5,logreg
0.6,0.5183036806451581,0.007866690319580929,5,logreg
0.61,0.509836695892096,0.0070267218684385985,5,logreg
0.62,0.502422432771437,0.004109333783220066,5,logreg
0.63,0.48306318659535885,0.008888876598530009,5,logreg
0.64,0.4841536067831947,0.00850985208670673,5,logreg
0.65,0.4679133379681836,0.008375045451112093,5,logreg
0.66,0.46087327165178704,0.005870550287390422,5,logreg
0.67,0.4528100524144417,0.004092200424475877,5,logreg
0.68,0.4391381165726484,0.007028257695024824,5,logreg
0.6900000000000001,0.43578075296880303,0.007837650718580313,5,logreg
0.7000000000000001,0.4337677169905854,0.009009037159739426,5,logreg
0.71,0.41248597936975007,0.008733255017470362,5,logreg
0.72,0.3992860536419248,0.006821958561504206,5,logreg
0.73,0.38212808583809815,0.00212806956531789,5,logreg
0.74,0.37782867604415815,0.003932561528112584,5,logreg
0.75,0.3732819787184535,0.003497531381825215,5,logreg
0.76,0.36008659223688033,0.00440561321278504,5,logreg
0.77,0.3516309812317814,0.005520206432320191,5,logreg
0.78,0.33053229805795636,0.007539186209263263,5,logreg
0.79,0.32487655948190747,0.007725534868907328,5,logreg
0.8,0.3174612477471748,0.0070245597735609745,5,logreg
0.81,0.31045275968686736,0.0073672527221877795,5,logreg
0.8200000000000001,0.30030064912391075,0.0063995521503278354,5,logreg
0.8300000000000001,0.2949565140545092,0.004402817596837137,5,logreg
0.84,0.2866873768444848,0.0013889681391490946,5,logreg
0.85,0.2818020193728934,0.002288279763104224,5,logreg
0.86,0.2752056380839507,0.004553512072990645,5,logreg
0.87,0.2648553629938023,0.003280339791477451,5,logreg
0.88,0.25868069139423194,0.0032957131023136515,5,logreg
0.89,0.24612164600677683,0.0023778709998759115,5,logreg
0.9,0.23300983771789419,0.0011465178811904825,5,logreg
0.91,0.2242902885880434,0.004379314596590731,5,logreg
0.92,0.20712239056987292,0.0023154159128235163,5,logreg
0.93,0.19944748666260614,0.003152524310544887,5,logreg
0.9400000000000001,0.19566643061110714,0.003199908524824334,5,logreg
0.9500000000000001,0.1850543717795549,0.0014066084567920657,5,logreg
0.96,0.18221090080848842,0.002115288635697379,5,logreg
0.97,0.17556914949686311,0.0007332609929773531,5,logreg
0.98,0.16782213226785414,0.0006965976900855706,5,logreg
0.99,0.1663368090337332,0.0005388831560699434,5,logreg
1.0,0.16122448979591836,0.0,5,logreg
0.0,1.0,0.0,5,random_forest
0.01,1.0,0.0,5,random_forest
0.02,1.0,0.0,5,random_forest
0.03,1.0,0.0,5,random_forest
0.04,1.0,0.0,5,random_forest
0.05,0.9595714285714287,0.04042857142857141,5,random_forest
0.06,0.9184574303405573,0.04773579433236571,5,random_forest
0.07,0.9096824069978868,0.03650916320045069,5,random_forest
0.08,0.9004837469166989,0.032156523092994375,5,random_forest
0.09,0.8721638110574343,0.021752573537114624,5,random_forest
0.1,0.8626430733351272,0.02682724530728938,5,random_forest
0.11,0.8344379645312975,0.015903039505532457,5,random_forest
0.12,0.8202041630247512,0.010896489249069047,5,random_forest
0.13,0.786104399232127,0.01949787779041078,5,random_forest
0.14,0.758062285817392,0.0068046278281199656,5,random_forest
0.15,0.7575167196850989,0.008184518703570665,5,random_forest
0.16,0.7351340719444359,0.01672810816631483,5,random_forest
0.17,0.7354249316261718,0.018003271697814394,5,random_forest
0.18,0.7227758406038653,0.01531901117235962,5,random_forest
0.19,0.705252727211559,0.01999129804207772,5,random_forest
0.2,0.6858224696934622,0.009092956570389579,5,random_forest
0.21,0.6786857076976038,0.005682941679048578,5,random_forest
0.22,0.665249091423749,0.008888266716487701,5,random_forest
0.23,0.6661270375081939,0.008244686640709199,5,random_forest
0.24,0.6587677303577365,0.009143769630584192,5,random_forest
0.25,0.6611170311725125,0.008591086470474248,5,random_forest
0.26,0.6686052240378118,0.008767294334570536,5,random_forest
0.27,0.6628086796270984,0.00682350715319014,5,random_forest
0.28,0.6478569347739389,0.010348284623185818,5,random_forest
0.29,0.6383382374785197,0.010800488730261716,5,random_forest
0.3,0.6266860353323942,0.01150869217885844,5,random_forest
0.31,0.6144970606380554,0.006667161226657402,5,random_forest
0.32,0.6105304241744175,0.010818730432407296,5,random_forest
0.33,0.6009058305332352,0.007348461306371178,5,random_forest
0.34,0.5957604419272777,0.006695844332566139,5,random_forest
0.35000000000000003,0.5847674885547078,0.007862494230345742,5,random_forest
0.36,0.576687934720281,0.00508579992805639,5,random_forest
0.37,0.5713248198080706,0.005815728781037946,5,random_forest
0.38,0.5616786042450963,0.009362590723471734,5,random_forest
0.39,0.5572483376885297,0.007815460412586408,5,random_forest
0.4,0.5475287304827103,0.004858404627346069,5,random_forest
0.41000000000000003,0.5445508497731848,0.005015035911281704,5,random_forest
0.42,0.5439110794940372,0.006199276953121786,5,random_forest
0.43,0.5369739777608664,0.0074518828794797815,5,random_forest
0.44,0.5319699800443118,0.006609454682080995,5,random_forest
0.45,0.5337364170155843,0.0075710447196168235,5,random_forest
0.46,0.527139242420662,0.006906381487817683,5,random_forest
0.47000000000000003,0.5181920268063699,0.009658233608607627,5,random_forest
0.48,0.517152307280446,0.009396152612461952,5,random_forest
0.49,0.5138836844297094,0.009173814860408688,5,random_forest
0.5,0.5110421867600801,0.006074972865043532,5,random_forest
0.51,0.5038363366572833,0.006795974508611417,5,random_forest
0.52,0.4960857582876207,0.007026896064953443,5,random_forest
0.53,0.4912888558804844,0.009649799794592238,5,random_forest
0.54,0.4853940432287739,0.011588298680176856,5,random_forest
0.55,0.4728102969574822,0.006213968924026926,5,random_forest
0.56,0.46007410233776513,0.0009300580076650994,5,random_forest
0.5700000000000001,0.456721776149037,0.0017801857108072406,5,random_forest
0.58,0.4536780789539617,0.00324725420702567,5,random_forest
0.59,0.4483596050169325,0.0063088361517799904,5,random_forest
0.6,0.44083643247087567,0.0053400849040311366,5,random_forest
0.61,0.43663765493045614,0.004563298774417029,5,random_forest
0.62,0.4299739399281378,0.0070160397678965284,5,random_forest
0.63,0.424528644090773,0.007373339225475171,5,random_forest
0.64,0.42117592395517106,0.009007556934988278,5,random_forest
0.65,0.4062315424440864,0.011535420364378744,5,random_forest
0.66,0.40065586473248394,0.010373665348576437,5,random_forest
0.67,0.39537202943004857,0.0103367324840178,5,random_forest
0.68,0.3932978717603238,0.009958659312416664,5,random_forest
0.6900000000000001,0.3791345894835231,0.005851508617587178,5,random_forest
0.7000000000000001,0.3687518536172937,0.005714559067347684,5,random_forest
0.71,0.3620034253406984,0.00571810824697059,5,random_forest
0.72,0.3588865232718639,0.0054822415716239,5,random_forest
0.73,0.3508437059553213,0.008461839283277565,5,random_forest
0.74,0.3443829312180512,0.008680215940214835,5,random_forest
0.75,0.3419998840727073,0.008067005560984383,5,random_forest
0.76,0.3296415319085083,0.006688077108223147,5,random_forest
0.77,0.3214274901150963,0.005689467283516388,5,random_forest
0.78,0.318216479246514,0.004590811396773758,5,random_forest
0.79,0.30347799529975533,0.006585875093980001,5,random_forest
0.8,0.2955320826271859,0.006181696283131197,5,random_forest
0.81,0.29135048275168324,0.00665008605561449,5,random_forest
0.8200000000000001,0.28496466431499673,0.006464271276751279,5,random_forest
0.8300000000000001,0.2806567764507557,0.005873044156965085,5,random_forest
0.84,0.277235095635332,0.005919354482787641,5,random_forest
0.85,0.2742282452295205,0.005841384578015032,5,random_forest
0.86,0.26669081046125265,0.007287876069583043,5,random_forest
0.87,0.25284283165674515,0.00585739445480158,5,random_forest
0.88,0.24415415741901175,0.004640474700284115,5,random_forest
0.89,0.23759239567990847,0.00599675420650166,5,random_forest
0.9,0.23143387279997482,0.00573091875903204,5,random_forest
0.91,0.22277424539587543,0.006736056030440095,5,random_forest
0.92,0.21402758465771726,0.007060979908191835,5,random_forest
0.93,0.20755288115414444,0.004257791118711163,5,random_forest
0.9400000000000001,0.20260722574232132,0.005197927905749976,5,random_forest
0.9500000000000001,0.19364094875102028,0.003141693496958573,5,random_forest
0.96,0.1866388553190914,0.003650435470006525,5,random_forest
0.97,0.18164626701047143,0.002662601630619803,5,random_forest
0.98,0.1737373336969821,0.001015881035906801,5,random_forest
0.99,0.1659289686796473,0.0006089424861410735,5,random_forest
1.0,0.16122448979591836,0.0,5,random_forest
